{"game_speed": 3, "music_volume": 0.9999999999999999, "sound_volume": 0.9999999999999999, "window_mode": 3, "display_score": true, "HUD_preset": 2, "use_direction_arrow": true, "controls": {"MOVELEFT": 1073741904, "MOVERIGHT": 1073741903, "MOVEUP": 1073741906, "MOVEDOWN": 1073741905, "MISSILEATTACK": 120, "BEAMATTACK": 99, "FLIPSHIP": 122}}